{"train/acc":0.6122015251906489,"_runtime":4349.4271013,"_step":99,"train/loss":1.57776840197502,"_wandb":{"runtime":4349},"epoch":50,"_timestamp":1.744992556489092e+09,"val/loss":1.5855837802886963,"val/acc":0.605}