{"_wandb":{"runtime":94},"train_accuracy":0.12701587698462308,"_runtime":94.7261216,"val_accuracy":0.142,"val_loss":3.4112474460601807,"_timestamp":1.744977113158859e+09,"_step":0,"epoch":1,"train_loss":37.44516212622185}