{"_runtime":1353.2173979,"val_accuracy":0.3445,"train_accuracy":0.34941867733466686,"train_loss":1.8695431295104705,"_wandb":{"runtime":1353},"epoch":15,"_step":14,"_timestamp":1.7449789236104264e+09,"val_loss":1.923119345664978}