{"train_accuracy":0.09888736092011502,"_runtime":1372.9586255,"_wandb":{"runtime":1372},"_step":14,"val_accuracy":0.1,"_timestamp":1.7449803134575274e+09,"train_loss":2.3105862101311536,"val_loss":2.3075840854644776,"epoch":15}