{"val/loss":2.2821782093048095,"val/acc":0.1585,"epoch":5,"_timestamp":1.7449858064035037e+09,"train/loss":2.286757193769361,"_wandb":{"runtime":488},"train/acc":0.14064258032254032,"_runtime":488.5775324,"_step":9}