{"val_accuracy":0.183,"_wandb":{"runtime":321},"train_loss":2.984359456592984,"train_accuracy":0.16152019002375298,"_step":1,"epoch":2,"val_loss":2.4681541423797606,"_timestamp":1.7449843970817688e+09,"_runtime":236.675252}