{"val_loss":2.3205007820129393,"train_loss":2576.840206703524,"_runtime":160.987844,"epoch":1,"val_accuracy":0.1,"train_accuracy":0.0928866108263533,"_timestamp":1.744977010748246e+09,"_step":0,"_wandb":{"runtime":161}}