{"_wandb":{"runtime":370},"train/acc":0.08063507938492312,"epoch":1,"_timestamp":1.744985239248981e+09,"_runtime":294.5600572,"_step":0,"train/loss":2.340285470089565}