{"_wandb":{"runtime":436},"train_accuracy":0.20865108138517316,"_timestamp":1.7449841583850844e+09,"epoch":5,"train_loss":2.170148003919525,"val_accuracy":0.22,"_step":4,"val_loss":2.1538318214416505,"_runtime":436.4999029}