{"_runtime":1798.8658451,"_step":14,"train_loss":2.1755984780609285,"val_accuracy":0.219,"_timestamp":1.744989655669703e+09,"epoch":15,"_wandb":{"runtime":1798},"train_accuracy":0.20065008126015751,"val_loss":2.127293546676636}