{"val_loss":2.193678363800049,"val_accuracy":0.1965,"_timestamp":1.7449772088984268e+09,"_step":0,"_wandb":{"runtime":89},"train_loss":2.4840143731063957,"_runtime":89.3533925,"epoch":1,"train_accuracy":0.1301412676584573}